<?xml version="1.0"?>
<IntellixUpgraderConfigurations>
	<IntellixOnPremisesV1>
		<URI> http://172.17.90.54/Intellix/</URI> <!-- And not like that: http://172.17.90.54/Intellix/html -->
		<Username> admin </Username>
		<Password> admin </Password>
		<ModelspaceName> Default_admin </ModelspaceName>
		<DBName> intellixv1 </DBName>
		<DBConnectionString> Password=dbadmin; User ID=dbadmin; Server=172.17.90.60, 1433\SQLEXPRESS </DBConnectionString>
	</IntellixOnPremisesV1>
	<IntellixOnPremisesV2>
		<URI> http://localhost/Intellix2/ </URI> <!-- And not like that: http://localhost/Intellix2/html -->
		<Username> admin </Username>
		<Password> admin </Password>
   	    <ModelspaceName> MyPrimaryIOPV2Modelspace </ModelspaceName>
	</IntellixOnPremisesV2>
	<MaximalDesiredAmountOfDocumentsToTransfer> 50000 </MaximalDesiredAmountOfDocumentsToTransfer>
	<MaximalPercentageOfFailedDocuments> 2 </MaximalPercentageOfFailedDocuments>
</IntellixUpgraderConfigurations>
